{
  "dataset_summary": {
    "space_samples": 28,
    "earth_samples": 120,
    "total_samples": 148,
    "common_features": 18
  },
  "cross_domain_performance": {
    "Space \u2192 Earth": {
      "r2_score": -2563139370.02959,
      "mae": 308619.9364195414,
      "rmse": 361091.5764564315,
      "correlation": 0.23078357703934727,
      "n_train": 28,
      "n_test": 120
    },
    "Earth \u2192 Space": {
      "r2_score": -417454035.7830575,
      "mae": 153470.82424374638,
      "rmse": 231225.02587179074,
      "correlation": 0.5998100793434724,
      "n_train": 120,
      "n_test": 28
    }
  },
  "unified_model_performance": {
    "Unified_ElasticNet": {
      "overall_r2": 0.5234433083267718,
      "overall_std": 0.0799511336878776,
      "space_r2": 0.5720463467642857,
      "earth_r2": 0.446293550464976,
      "n_folds": 5
    },
    "Unified_RandomForest": {
      "overall_r2": 0.5765566484080786,
      "overall_std": 0.06463838924604219,
      "space_r2": 0.5734325547664595,
      "earth_r2": 0.5432324769963567,
      "n_folds": 5
    },
    "Unified_GradientBoosting": {
      "overall_r2": 0.6048709407682746,
      "overall_std": 0.0800315732833406,
      "space_r2": 0.6079024890597566,
      "earth_r2": 0.5813797948227271,
      "n_folds": 5
    },
    "Unified_XGBoost": {
      "overall_r2": 0.5666058061131383,
      "overall_std": 0.058417265139235355,
      "space_r2": 0.703660425001493,
      "earth_r2": 0.4300481199934197,
      "n_folds": 5
    }
  },
  "integration_date": "2025-06-28T09:55:11.597479"
}